metric,mean_bez_permutacji,mean_z_permutacja,difference,welch_t,welch_df,p_approx_normal
cp,0.5518768000000001,0.5503096,-0.0015672000000001018,1.5877148336589728,997.6447073095381,0.11235083722063921
cj,0.9065648,0.9065096,-5.519999999992198e-05,0.349549630001122,997.2669294331797,0.7266767182668858
